Latest News Articles,Links
Are Indian firms falling under debt trap again? | Mint - Mint,https://www.livemint.com/companies/news/in-charts-is-india-inc-falling-under-a-debt-trap-again-11687094138561.html
"South, East drive FMCG sales, North hit by unseasonal rains | Mint - Mint",https://www.livemint.com/companies/news/south-east-drive-fmcg-sales-north-hit-by-unseasonal-rains-11687106817015.html
"Lubrizol aims to make in India, for the world | Mint - Mint",https://www.livemint.com/companies/lubrizol-aims-to-make-in-india-for-the-world-11687105707679.html
"Twitter bot account made by youth from Odisha gets appreciated by Elon Musk, but gets suspended within 2 months. Know what happened - OpIndia",https://www.opindia.com/2023/06/twitter-bot-explainthisbob-suspended-after-musk-accused-it-of-being-a-scam-crypto-account/
Hummer H3 selling at a price cheaper than a Toyota Fortuner [video] - CarToq.com,https://www.cartoq.com/used-cars/hummer-h3-selling-at-a-price-cheaper-than-a-toyota-fortuner-video/
"Markets Week Ahead: S&P 500, Gold, US Dollar, Powell, BOE, Japan Inflation, RBA Minutes - DailyFX",https://www.dailyfx.com/news/markets-week-ahead-s-p-500-gold-us-dollar-powell-boe-japan-inflation-rba-minutes-20230618.html
Sebi calls for urgent action against Zee Entertainment promoters in its reply to SAT - Moneycontrol,https://www.moneycontrol.com/news/business/sebi-calls-for-urgent-action-against-zee-entertainment-promoters-in-its-reply-to-sat-10816201.html
These 2 Tata Group stocks to trade ex-dividend this week. Do you own any? | Mint - Mint,https://www.livemint.com/companies/news/tata-elxsi-tata-steel-to-trade-ex-dividend-this-week-do-you-own-any-11687097500542.html
"IRCTC counters Congress' claim, says Adani's Trainman won't be a threat - Hindustan Times",https://www.hindustantimes.com/india-news/irctc-counters-congress-claim-says-adanis-trainman-wont-be-a-threat-101687099913654.html
